{
    "objective": 96.18463586982378,
    "time_spent_in_solver": 6.4014060497283936,
    "path": [
        1,
        5,
        20,
        14,
        10,
        8,
        11,
        15
    ]
}
