{
    "objective": 129.86926450735803,
    "time_spent_in_solver": 556.7086820602417,
    "path": [
        19,
        8,
        11,
        25,
        5,
        21,
        29,
        12,
        17,
        18,
        20,
        14,
        22,
        10
    ]
}
