{
    "objective": 167.83157180314973,
    "time_spent_in_solver": 1802.9497470855713,
    "path": [
        49,
        17,
        48,
        3,
        27,
        9,
        13,
        1,
        29,
        31,
        40,
        32,
        50,
        2,
        47,
        34
    ]
}
