{
    "objective": 115.63639905516672,
    "time_spent_in_solver": 19.142986059188843,
    "path": [
        27,
        7,
        10,
        23,
        11,
        32,
        3,
        4,
        9,
        28,
        22,
        24,
        35,
        8
    ]
}
