{
    "objective": 79.34823528913473,
    "time_spent_in_solver": 0.3730149269104004,
    "path": [
        1,
        15,
        5,
        20,
        14,
        8,
        19,
        10
    ]
}
