{
    "objective": 12.261297173761163,
    "time_spent_in_solver": 0.002044200897216797,
    "path": [
        1,
        3,
        2,
        5
    ]
}
