{
    "objective": 79.34823528913475,
    "time_spent_in_solver": 1.231001853942871,
    "path": [
        1,
        15,
        5,
        20,
        14,
        8,
        19,
        10
    ]
}
