{
    "objective": 89.84336566874146,
    "time_spent_in_solver": 6.374487400054932,
    "path": [
        1,
        15,
        12,
        5,
        11,
        8,
        19,
        10
    ]
}
