{
    "objective": 91.17237296646985,
    "time_spent_in_solver": 490.13715958595276,
    "path": [
        19,
        8,
        11,
        15,
        1,
        5,
        14,
        10
    ]
}
