{
    "objective": 12.261297173761164,
    "time_spent_in_solver": 0.0020241737365722656,
    "path": [
        1,
        3,
        2,
        5
    ]
}
